{"filename":"/Users/timbleuze/Documents/CLOUD/examen2/Iot/funciton/__azurite_db_blob__.json","collections":[{"name":"$SERVICES_COLLECTION$","data":[],"idIndex":null,"binaryIndices":{},"constraints":null,"uniqueNames":["accountName"],"transforms":{},"objType":"$SERVICES_COLLECTION$","dirty":false,"cachedIndex":null,"cachedBinaryIndex":null,"cachedData":null,"adaptiveBinaryIndices":true,"transactional":false,"cloneObjects":false,"cloneMethod":"parse-stringify","asyncListeners":false,"disableMeta":false,"disableChangesApi":true,"disableDeltaChangesApi":true,"autoupdate":false,"serializableIndices":true,"disableFreeze":true,"ttl":null,"maxId":0,"DynamicViews":[],"events":{"insert":[],"update":[],"pre-insert":[],"pre-update":[],"close":[],"flushbuffer":[],"error":[],"delete":[null],"warning":[null]},"changes":[],"dirtyIds":[]},{"name":"$CONTAINERS_COLLECTION$","data":[{"accountName":"devstoreaccount1","name":"azure-webjobs-eventhub","properties":{"etag":"\"0x1E2C946FE0F79E0\"","lastModified":"2023-12-15T09:36:13.598Z","leaseStatus":"unlocked","leaseState":"available","hasImmutabilityPolicy":false,"hasLegalHold":false},"meta":{"revision":0,"created":1702632973599,"version":0},"$loki":1},{"accountName":"devstoreaccount1","name":"azure-webjobs-hosts","properties":{"etag":"\"0x1C68B2A24213620\"","lastModified":"2023-12-15T09:36:18.517Z","leaseStatus":"unlocked","leaseState":"available","hasImmutabilityPolicy":false,"hasLegalHold":false},"meta":{"revision":0,"created":1702632978517,"version":0},"$loki":2}],"idIndex":null,"binaryIndices":{"accountName":{"name":"accountName","dirty":false,"values":[1,0]},"name":{"name":"name","dirty":false,"values":[0,1]}},"constraints":null,"uniqueNames":[],"transforms":{},"objType":"$CONTAINERS_COLLECTION$","dirty":false,"cachedIndex":null,"cachedBinaryIndex":null,"cachedData":null,"adaptiveBinaryIndices":true,"transactional":false,"cloneObjects":false,"cloneMethod":"parse-stringify","asyncListeners":false,"disableMeta":false,"disableChangesApi":true,"disableDeltaChangesApi":true,"autoupdate":false,"serializableIndices":true,"disableFreeze":true,"ttl":null,"maxId":2,"DynamicViews":[],"events":{"insert":[],"update":[],"pre-insert":[],"pre-update":[],"close":[],"flushbuffer":[],"error":[],"delete":[null],"warning":[null]},"changes":[],"dirtyIds":[]},{"name":"$BLOBS_COLLECTION$","data":[{"deleted":false,"metadata":{"FunctionInstance":"000000000000000000000000EC20F3C8"},"accountName":"devstoreaccount1","containerName":"azure-webjobs-hosts","name":"locks/strotmic-363153986/host","properties":{"creationTime":"2023-12-15T09:36:18.519Z","lastModified":"2023-12-15T10:47:35.771Z","etag":"\"0x1A7789BF46FAAC0\"","contentLength":0,"contentType":"application/octet-stream","contentMD5":{"type":"Buffer","data":[212,29,140,217,143,0,178,4,233,128,9,152,236,248,66,126]},"blobType":"BlockBlob","leaseStatus":"locked","leaseState":"leased","serverEncrypted":true,"accessTier":"Hot","accessTierInferred":true,"accessTierChangeTime":"2023-12-15T09:36:18.519Z","leaseDuration":"fixed"},"snapshot":"","isCommitted":true,"persistency":{"id":"2d211f14-7c79-4928-bf6e-155bd6a744ae","offset":492,"count":0},"meta":{"revision":75,"created":1702632978524,"version":0,"updated":1702637255772},"$loki":9,"leaseId":"000000000000000000000000EC20F3C8","leaseExpireTime":"2023-12-15T10:47:50.759Z","leaseDurationSeconds":15},{"deleted":false,"accountName":"devstoreaccount1","containerName":"azure-webjobs-hosts","name":"locks/strotmic-363153986/Company.Function.TimerTriggerCSharp1.RunAsync.Listener","properties":{"creationTime":"2023-12-15T10:00:18.881Z","lastModified":"2023-12-15T10:00:18.881Z","etag":"\"0x25619248A35E740\"","contentLength":0,"contentType":"application/octet-stream","contentMD5":{"type":"Buffer","data":[212,29,140,217,143,0,178,4,233,128,9,152,236,248,66,126]},"blobType":"BlockBlob","leaseStatus":"locked","leaseState":"leased","serverEncrypted":true,"accessTier":"Hot","accessTierInferred":true,"accessTierChangeTime":"2023-12-15T10:00:18.881Z","leaseDuration":"fixed"},"snapshot":"","isCommitted":true,"persistency":{"id":"2d211f14-7c79-4928-bf6e-155bd6a744ae","offset":492,"count":0},"meta":{"revision":83,"created":1702634418886,"version":0,"updated":1702637258460},"$loki":10,"leaseId":"7d9297a4-fa79-45f5-a8c2-d5a8a8002fa9","leaseExpireTime":"2023-12-15T10:47:53.458Z","leaseDurationSeconds":15},{"deleted":false,"metadata":{"OWNINGHOST":"fb8cd068-3034-4521-8f50-5ad5853bd74e"},"accountName":"devstoreaccount1","containerName":"azure-webjobs-eventhub","name":"iothub-ns-iotexamen-25397069-dae338c9c2.servicebus.windows.net/iotexamen/$Default/1","properties":{"creationTime":"2023-12-15T10:47:31.225Z","lastModified":"2023-12-15T10:47:31.230Z","etag":"\"0x256E8E6D86F87C0\"","contentLength":157,"contentType":"application/octet-stream","contentMD5":{"type":"Buffer","data":[52,223,98,10,192,72,248,242,252,32,114,80,117,35,5,208]},"blobType":"BlockBlob","leaseStatus":"locked","leaseState":"leased","serverEncrypted":true,"accessTier":"Hot","accessTierInferred":true,"accessTierChangeTime":"2023-12-15T10:47:31.225Z","leaseDuration":"fixed"},"snapshot":"","isCommitted":true,"persistency":{"id":"45665d87-c9f3-475d-9de7-2c69dcbc460d","offset":3064,"count":157},"leaseId":"95c2b2f1-0a8b-4f85-8f53-9806e0344404","leaseExpireTime":"2023-12-15T10:48:11.218Z","leaseDurationSeconds":30,"meta":{"revision":2,"created":1702637251230,"version":0,"updated":1702637261219},"$loki":115},{"deleted":false,"metadata":{"OWNINGHOST":"fb8cd068-3034-4521-8f50-5ad5853bd74e"},"accountName":"devstoreaccount1","containerName":"azure-webjobs-eventhub","name":"iothub-ns-iotexamen-25397069-dae338c9c2.servicebus.windows.net/iotexamen/$Default/2","properties":{"creationTime":"2023-12-15T10:47:31.225Z","lastModified":"2023-12-15T10:47:31.236Z","etag":"\"0x1C9E3CC8B501F10\"","contentLength":160,"contentType":"application/octet-stream","contentMD5":{"type":"Buffer","data":[150,122,156,246,72,42,183,231,122,237,10,246,145,128,85,140]},"blobType":"BlockBlob","leaseStatus":"locked","leaseState":"leased","serverEncrypted":true,"accessTier":"Hot","accessTierInferred":true,"accessTierChangeTime":"2023-12-15T10:47:31.225Z","leaseDuration":"fixed"},"snapshot":"","isCommitted":true,"persistency":{"id":"2d211f14-7c79-4928-bf6e-155bd6a744ae","offset":14194,"count":160},"leaseId":"f0b77af5-8178-4b38-8df9-5397165c46b8","leaseExpireTime":"2023-12-15T10:48:11.220Z","leaseDurationSeconds":30,"meta":{"revision":2,"created":1702637251233,"version":0,"updated":1702637261221},"$loki":116},{"deleted":false,"metadata":{"OWNINGHOST":"fb8cd068-3034-4521-8f50-5ad5853bd74e"},"accountName":"devstoreaccount1","containerName":"azure-webjobs-eventhub","name":"iothub-ns-iotexamen-25397069-dae338c9c2.servicebus.windows.net/iotexamen/$Default/3","properties":{"creationTime":"2023-12-15T10:47:31.226Z","lastModified":"2023-12-15T10:47:31.237Z","etag":"\"0x20A135A2DD33440\"","contentLength":157,"contentType":"application/octet-stream","contentMD5":{"type":"Buffer","data":[38,202,57,209,156,104,135,255,233,36,146,173,107,219,136,88]},"blobType":"BlockBlob","leaseStatus":"locked","leaseState":"leased","serverEncrypted":true,"accessTier":"Hot","accessTierInferred":true,"accessTierChangeTime":"2023-12-15T10:47:31.226Z","leaseDuration":"fixed"},"snapshot":"","isCommitted":true,"persistency":{"id":"6a860690-3c38-45a7-a48b-1b6ae9e3911a","offset":2508,"count":157},"leaseId":"4026aa9b-dfa0-44ee-8372-91c63a3994fb","leaseExpireTime":"2023-12-15T10:48:11.221Z","leaseDurationSeconds":30,"meta":{"revision":2,"created":1702637251235,"version":0,"updated":1702637261222},"$loki":117},{"deleted":false,"metadata":{"OWNINGHOST":"fb8cd068-3034-4521-8f50-5ad5853bd74e"},"accountName":"devstoreaccount1","containerName":"azure-webjobs-eventhub","name":"iothub-ns-iotexamen-25397069-dae338c9c2.servicebus.windows.net/iotexamen/$Default/0","properties":{"creationTime":"2023-12-15T10:47:31.226Z","lastModified":"2023-12-15T10:47:31.237Z","etag":"\"0x239B7A65B2EA080\"","contentLength":157,"contentType":"application/octet-stream","contentMD5":{"type":"Buffer","data":[171,241,78,42,11,230,201,125,89,32,113,24,118,22,31,234]},"blobType":"BlockBlob","leaseStatus":"locked","leaseState":"leased","serverEncrypted":true,"accessTier":"Hot","accessTierInferred":true,"accessTierChangeTime":"2023-12-15T10:47:31.226Z","leaseDuration":"fixed"},"snapshot":"","isCommitted":true,"persistency":{"id":"1ff4fa57-4204-4122-87d4-0a5cf6d6e168","offset":2908,"count":157},"leaseId":"c2652fec-fa14-406a-8139-43a3b7ceaa84","leaseExpireTime":"2023-12-15T10:48:11.215Z","leaseDurationSeconds":30,"meta":{"revision":2,"created":1702637251237,"version":0,"updated":1702637261216},"$loki":118},{"deleted":false,"accountName":"devstoreaccount1","containerName":"azure-webjobs-hosts","name":"timers/strotmic-363153986/Company.Function.TimerTriggerCSharp1.RunAsync/status","properties":{"creationTime":"2023-12-15T10:47:32.158Z","lastModified":"2023-12-15T10:47:32.158Z","etag":"\"0x1BB44FA9C55F1C0\"","contentLength":127,"contentType":"application/octet-stream","contentMD5":{"type":"Buffer","data":[92,183,97,107,166,129,237,173,21,163,29,27,246,163,91,211]},"blobType":"BlockBlob","leaseStatus":"unlocked","leaseState":"available","serverEncrypted":true,"accessTier":"Hot","accessTierInferred":true,"accessTierChangeTime":"2023-12-15T10:47:32.158Z"},"snapshot":"","isCommitted":true,"persistency":{"id":"2d211f14-7c79-4928-bf6e-155bd6a744ae","offset":14354,"count":127},"meta":{"revision":0,"created":1702637252161,"version":0},"$loki":119}],"idIndex":[9,10,115,116,117,118,119],"binaryIndices":{"accountName":{"name":"accountName","dirty":false,"values":[4,3,2,5,1,0,6]},"containerName":{"name":"containerName","dirty":false,"values":[4,3,2,5,1,0,6]},"name":{"name":"name","dirty":false,"values":[5,2,3,4,1,0,6]},"snapshot":{"name":"snapshot","dirty":false,"values":[4,3,2,5,1,0,6]}},"constraints":null,"uniqueNames":[],"transforms":{},"objType":"$BLOBS_COLLECTION$","dirty":false,"cachedIndex":null,"cachedBinaryIndex":null,"cachedData":null,"adaptiveBinaryIndices":true,"transactional":false,"cloneObjects":false,"cloneMethod":"parse-stringify","asyncListeners":false,"disableMeta":false,"disableChangesApi":true,"disableDeltaChangesApi":true,"autoupdate":false,"serializableIndices":true,"disableFreeze":true,"ttl":null,"maxId":119,"DynamicViews":[],"events":{"insert":[],"update":[],"pre-insert":[],"pre-update":[],"close":[],"flushbuffer":[],"error":[],"delete":[null],"warning":[null]},"changes":[],"dirtyIds":[]},{"name":"$BLOCKS_COLLECTION$","data":[],"idIndex":null,"binaryIndices":{"accountName":{"name":"accountName","dirty":false,"values":[]},"containerName":{"name":"containerName","dirty":false,"values":[]},"blobName":{"name":"blobName","dirty":false,"values":[]},"name":{"name":"name","dirty":false,"values":[]}},"constraints":null,"uniqueNames":[],"transforms":{},"objType":"$BLOCKS_COLLECTION$","dirty":false,"cachedIndex":null,"cachedBinaryIndex":null,"cachedData":null,"adaptiveBinaryIndices":true,"transactional":false,"cloneObjects":false,"cloneMethod":"parse-stringify","asyncListeners":false,"disableMeta":false,"disableChangesApi":true,"disableDeltaChangesApi":true,"autoupdate":false,"serializableIndices":true,"disableFreeze":true,"ttl":null,"maxId":0,"DynamicViews":[],"events":{"insert":[],"update":[],"pre-insert":[],"pre-update":[],"close":[],"flushbuffer":[],"error":[],"delete":[null],"warning":[null]},"changes":[],"dirtyIds":[]}],"databaseVersion":1.5,"engineVersion":1.5,"autosave":true,"autosaveInterval":5000,"autosaveHandle":null,"throttledSaves":true,"options":{"persistenceMethod":"fs","autosave":true,"autosaveInterval":5000,"serializationMethod":"normal","destructureDelimiter":"$<\n"},"persistenceMethod":"fs","persistenceAdapter":null,"verbose":false,"events":{"init":[null],"loaded":[],"flushChanges":[],"close":[],"changes":[],"warning":[]},"ENV":"NODEJS"}