{"filename":"/Users/timbleuze/Documents/CLOUD/examen2/Iot/funciton/__azurite_db_blob_extent__.json","collections":[{"name":"$EXTENTS_COLLECTION$","data":[{"id":"2d211f14-7c79-4928-bf6e-155bd6a744ae","locationId":"Default","path":"2d211f14-7c79-4928-bf6e-155bd6a744ae","size":14481,"lastModifiedInMS":1702632973843,"meta":{"revision":136,"created":1702632973843,"version":0,"updated":1702637252161},"$loki":1,"LastModifyInMS":1702637252161},{"id":"45665d87-c9f3-475d-9de7-2c69dcbc460d","locationId":"Default","path":"45665d87-c9f3-475d-9de7-2c69dcbc460d","size":3221,"lastModifiedInMS":1702632973900,"meta":{"revision":20,"created":1702632973900,"version":0,"updated":1702637251229},"$loki":2,"LastModifyInMS":1702637251229},{"id":"1ff4fa57-4204-4122-87d4-0a5cf6d6e168","locationId":"Default","path":"1ff4fa57-4204-4122-87d4-0a5cf6d6e168","size":3065,"lastModifiedInMS":1702632973905,"meta":{"revision":19,"created":1702632973905,"version":0,"updated":1702637251236},"$loki":3,"LastModifyInMS":1702637251236},{"id":"6a860690-3c38-45a7-a48b-1b6ae9e3911a","locationId":"Default","path":"6a860690-3c38-45a7-a48b-1b6ae9e3911a","size":2665,"lastModifiedInMS":1702632973909,"meta":{"revision":16,"created":1702632973909,"version":0,"updated":1702637251233},"$loki":4,"LastModifyInMS":1702637251233}],"idIndex":[1,2,3,4],"binaryIndices":{"id":{"name":"id","dirty":false,"values":[2,0,1,3]}},"constraints":null,"uniqueNames":[],"transforms":{},"objType":"$EXTENTS_COLLECTION$","dirty":false,"cachedIndex":null,"cachedBinaryIndex":null,"cachedData":null,"adaptiveBinaryIndices":true,"transactional":false,"cloneObjects":false,"cloneMethod":"parse-stringify","asyncListeners":false,"disableMeta":false,"disableChangesApi":true,"disableDeltaChangesApi":true,"autoupdate":false,"serializableIndices":true,"disableFreeze":true,"ttl":null,"maxId":4,"DynamicViews":[],"events":{"insert":[],"update":[],"pre-insert":[],"pre-update":[],"close":[],"flushbuffer":[],"error":[],"delete":[null],"warning":[null]},"changes":[],"dirtyIds":[]}],"databaseVersion":1.5,"engineVersion":1.5,"autosave":true,"autosaveInterval":5000,"autosaveHandle":null,"throttledSaves":true,"options":{"persistenceMethod":"fs","autosave":true,"autosaveInterval":5000,"serializationMethod":"normal","destructureDelimiter":"$<\n"},"persistenceMethod":"fs","persistenceAdapter":null,"verbose":false,"events":{"init":[null],"loaded":[],"flushChanges":[],"close":[],"changes":[],"warning":[]},"ENV":"NODEJS"}