{
  "IsEncrypted": false,
  "Values": {
    "AzureWebJobsStorage": "UseDevelopmentStorage=true",
    "FUNCTIONS_WORKER_RUNTIME": "dotnet",
        "EventHubEndpoint": "Endpoint=sb://iothub-ns-iotexamen-25397069-dae338c9c2.servicebus.windows.net/;SharedAccessKeyName=iothubowner;SharedAccessKey=EOt4BOjGEqzwzFOgjI2O0NdrLdnN1iPs9AIoTIy2jpI=;EntityPath=iotexamen",
        "cosmosDB":"AccountEndpoint=https://bleuzetimcosmos.documents.azure.com:443/;AccountKey=ZH2WNyjQiVj0bUzv9F49cSGsbka0dNoGJJIMvwwwxMxdtVMN7ObIynmid0YfJILBofo36XHLfD5bACDbEY2M1g==;",
        "IotHhubOwner":"HostName=iotexamen.azure-devices.net;SharedAccessKeyName=iothubowner;SharedAccessKey=EOt4BOjGEqzwzFOgjI2O0NdrLdnN1iPs9AIoTIy2jpI=",
        "accountName":"examentimbleuze",
        "storageKey":"xVCnqKeGpw9cUpCZ7yb1e2YDud/NGn0ga1gaDS8DVvL1hPvzZgf4fGwF7tNFSZ1upatWtDXuiZJC+AStsReStA==",
        "uri":"https://examentimbleuze.table.core.windows.net/Locations"

  }
}