-- MySQL dump 10.13  Distrib 8.0.30, for macos12 (x86_64)
--
-- Host: 127.0.0.1    Database: weegschaal
-- ------------------------------------------------------
-- Server version	8.0.30

/*!40101 SET @OLD_CHARACTER_SET_CLIENT=@@CHARACTER_SET_CLIENT */;
/*!40101 SET @OLD_CHARACTER_SET_RESULTS=@@CHARACTER_SET_RESULTS */;
/*!40101 SET @OLD_COLLATION_CONNECTION=@@COLLATION_CONNECTION */;
/*!50503 SET NAMES utf8 */;
/*!40103 SET @OLD_TIME_ZONE=@@TIME_ZONE */;
/*!40103 SET TIME_ZONE='+00:00' */;
/*!40014 SET @OLD_UNIQUE_CHECKS=@@UNIQUE_CHECKS, UNIQUE_CHECKS=0 */;
/*!40014 SET @OLD_FOREIGN_KEY_CHECKS=@@FOREIGN_KEY_CHECKS, FOREIGN_KEY_CHECKS=0 */;
/*!40101 SET @OLD_SQL_MODE=@@SQL_MODE, SQL_MODE='NO_AUTO_VALUE_ON_ZERO' */;
/*!40111 SET @OLD_SQL_NOTES=@@SQL_NOTES, SQL_NOTES=0 */;

--
-- Table structure for table `tblAction`
--

DROP TABLE IF EXISTS `tblAction`;
/*!40101 SET @saved_cs_client     = @@character_set_client */;
/*!50503 SET character_set_client = utf8mb4 */;
CREATE TABLE `tblAction` (
  `actionID` int NOT NULL AUTO_INCREMENT,
  `description` varchar(45) DEFAULT NULL,
  PRIMARY KEY (`actionID`)
) ENGINE=InnoDB AUTO_INCREMENT=8 DEFAULT CHARSET=utf8mb3;
/*!40101 SET character_set_client = @saved_cs_client */;

--
-- Dumping data for table `tblAction`
--

LOCK TABLES `tblAction` WRITE;
/*!40000 ALTER TABLE `tblAction` DISABLE KEYS */;
INSERT INTO `tblAction` VALUES (1,'log in'),(2,'log out'),(3,'wegen'),(4,'barcode scannen'),(5,'motion aan'),(6,'actuator aan'),(7,'weegschaal af');
/*!40000 ALTER TABLE `tblAction` ENABLE KEYS */;
UNLOCK TABLES;

--
-- Table structure for table `tblCategorie`
--

DROP TABLE IF EXISTS `tblCategorie`;
/*!40101 SET @saved_cs_client     = @@character_set_client */;
/*!50503 SET character_set_client = utf8mb4 */;
CREATE TABLE `tblCategorie` (
  `categorieID` int NOT NULL AUTO_INCREMENT,
  `name` varchar(45) DEFAULT NULL,
  `description` varchar(45) DEFAULT NULL,
  PRIMARY KEY (`categorieID`)
) ENGINE=InnoDB AUTO_INCREMENT=9 DEFAULT CHARSET=utf8mb3;
/*!40101 SET character_set_client = @saved_cs_client */;

--
-- Dumping data for table `tblCategorie`
--

LOCK TABLES `tblCategorie` WRITE;
/*!40000 ALTER TABLE `tblCategorie` DISABLE KEYS */;
INSERT INTO `tblCategorie` VALUES (1,'vlees','alle vlees waren'),(2,'vis','alle vis waren'),(3,'groente','alles van groenten'),(4,'fruit','alles van frruit'),(5,'pasta','alle soorten pastas'),(6,'brood','alles oorten broodproducten'),(7,'snacks','alle snacks'),(8,'aanvulproducten','alle producten die als aanvulling dienen');
/*!40000 ALTER TABLE `tblCategorie` ENABLE KEYS */;
UNLOCK TABLES;

--
-- Table structure for table `tblDevice`
--

DROP TABLE IF EXISTS `tblDevice`;
/*!40101 SET @saved_cs_client     = @@character_set_client */;
/*!50503 SET character_set_client = utf8mb4 */;
CREATE TABLE `tblDevice` (
  `deviceID` int NOT NULL AUTO_INCREMENT,
  `name` varchar(45) DEFAULT NULL,
  `brand` varchar(45) DEFAULT NULL,
  `description` varchar(255) DEFAULT NULL,
  `type` varchar(45) DEFAULT NULL,
  `cost` varchar(45) DEFAULT NULL,
  `measurementUnit` varchar(45) DEFAULT NULL,
  PRIMARY KEY (`deviceID`)
) ENGINE=InnoDB AUTO_INCREMENT=6 DEFAULT CHARSET=utf8mb3;
/*!40101 SET character_set_client = @saved_cs_client */;

--
-- Dumping data for table `tblDevice`
--

LOCK TABLES `tblDevice` WRITE;
/*!40000 ALTER TABLE `tblDevice` DISABLE KEYS */;
INSERT INTO `tblDevice` VALUES (1,'fingerprint','adafruit','is voor in te loggen','sensor',NULL,NULL),(2,'barcode','waveshare','voor scanner','sensor',NULL,NULL),(3,'gewicht','xtw','om gewicht te meten','sensor',NULL,'gram'),(4,'motion','adadfruit','om te kijken of er iemand in de buurt is','sensor',NULL,NULL),(5,'neoPixel','led','om aan te tonen hoe ver je zit naar je dagelijks doel','actuator',NULL,NULL);
/*!40000 ALTER TABLE `tblDevice` ENABLE KEYS */;
UNLOCK TABLES;

--
-- Table structure for table `tblFood`
--

DROP TABLE IF EXISTS `tblFood`;
/*!40101 SET @saved_cs_client     = @@character_set_client */;
/*!50503 SET character_set_client = utf8mb4 */;
CREATE TABLE `tblFood` (
  `foodID` int NOT NULL AUTO_INCREMENT,
  `tblName` varchar(45) DEFAULT NULL,
  `barCode` varchar(45) DEFAULT NULL,
  `tblCategorie_categorieID` int NOT NULL,
  `serving` varchar(45) DEFAULT NULL,
  `portionServing` float DEFAULT NULL,
  `kcal` float DEFAULT NULL,
  `saturatedFat` float DEFAULT NULL,
  `unsaturatedFat` float DEFAULT NULL,
  `protein` float DEFAULT NULL,
  `carboHydrates` float DEFAULT NULL,
  `fiber` float DEFAULT NULL,
  `sugar` float DEFAULT NULL,
  `salt` float DEFAULT NULL,
  PRIMARY KEY (`foodID`),
  KEY `fk_tblFood_tblCategorie1_idx` (`tblCategorie_categorieID`),
  CONSTRAINT `fk_tblFood_tblCategorie1` FOREIGN KEY (`tblCategorie_categorieID`) REFERENCES `tblCategorie` (`categorieID`)
) ENGINE=InnoDB AUTO_INCREMENT=78 DEFAULT CHARSET=utf8mb3;
/*!40101 SET character_set_client = @saved_cs_client */;

--
-- Dumping data for table `tblFood`
--

LOCK TABLES `tblFood` WRITE;
/*!40000 ALTER TABLE `tblFood` DISABLE KEYS */;
INSERT INTO `tblFood` VALUES (1,'Apple',NULL,1,'medium',1,52,0.028,0,0.26,13.81,2.4,10.39,0.6),(2,'Medium Apple',NULL,8,'medium (3\" dia) (182g)',1,95,0.1,0,0.5,25,4.4,19,1),(3,'Apple',NULL,5,'apple',1,50,0,0,0,13,2,11,0),(4,'Apple',NULL,4,'grams',100,80,0,0,0,22,5,17,2),(5,'Apple Country',NULL,5,'apple',1,80,0,0,0,22,5,16,0),(6,'Medium Apple',NULL,8,'one',1,80,0,0,0,22,5,16,0),(7,'Apple Bread',NULL,2,'piece',1,200,0,0,3,33,1,0,0),(8,'Apple',NULL,5,'Medium apple 154g',1,80,0,0,0,22,5,17,2),(9,'Apple Fritter',NULL,6,'donut',1,300,3,0,4,41,1,0,0),(10,'Apple Straws',NULL,4,'straws',1,130,0.5,0,1,16,2,2,0),(11,'Apple',NULL,3,'medium',1,120,0,0,0.05,29,4,22,1),(12,'Apple',NULL,6,'fruit',1,80,0,0,0,22,5,16,2),(13,'Apple We',NULL,5,'pc',1,72,0,0,0.3,19,2.6,14,7),(14,'Apple',NULL,7,'g',100,52,0,0,0,14,2.4,10,0),(15,'Crispin Apple',NULL,4,'medium apple',1,0,0,0,0,0,0,16,0),(16,'Apple Juicer',NULL,3,'Whole',1,45,0.029,0,0.27,14.4,0.4,10.84,0.63),(17,'Apple Med Gala',NULL,3,'apple',1,80,0,0,0,22,5,16,2),(18,'Apple Butter',NULL,1,'tbsp',1,35,0,0,0,8,0,6,0),(19,'100 % Apple Juice',NULL,7,'oz juice box',2,90,0,0,0,21,0,18,2),(20,'Granny Smith Apple',NULL,4,'Medium',1,80,0,0,0,22,5,16,2),(21,'Apple Slices',NULL,6,'g',100,35,0,0,0,9,2,7,2),(22,'Granny Smith Apple',NULL,6,'medium (154g)',1,80,0,0,0,22,5,17,2),(23,'Red Apple Slices',NULL,2,'slices',1,70,0,0,0,19,3,15,0),(24,'Apple Pie',NULL,1,'pie',1,270,2,0,3,34,1,14,0),(25,'Apple Pie Baked in an Apple',NULL,4,'apple',1,250,7,0,2,32,4,13,2),(26,'Apple 1',NULL,7,'gr',100,58,3,0.05,1.9,13,0,0,0),(27,'Apple Sauce',NULL,6,'packet',1,60,0,0,0,15,0,0,0),(28,'Apple (G)',NULL,5,'g / 1 large',100,130,0,0,1,34,5,25,2),(29,'Half apple',NULL,2,'meal',1,323,0,0,40,12,0,0,0),(30,'Apple',NULL,1,'g',133,71,0,0,0.4,11.8,1.8,11.8,0),(31,'1 Normal Apple',NULL,3,'Normal Apple',1,52,0,0,0,25,4,19,1),(32,'Royal Gala Apple',NULL,4,'medium raw',1,80,0,0,0,20,5,11.4,2),(33,'Apple- Med Apple',NULL,2,'medium',1,95,0.1,0,0.5,25,4.4,14,1),(34,'Fuji Apple',NULL,3,'large',1,118,0,0,1,34,5,25,2),(35,'Apple',NULL,5,'g',150,83,0.01,0,0.3,19.5,3.6,18.8,0.5),(36,'Apple Organic',NULL,6,'medium',1,71,0,0,0,19,3,14,1),(37,'Apple Pack',NULL,7,'Pack',1,35,0,0,0,9,2,7,2),(38,'Apple Small Green Apple',NULL,5,'Apple',0.5,84,0,0,0,22,6,17,0),(39,'apple',NULL,4,'g',154,80,0,0,0,22,5,16,0),(40,'Apple',NULL,6,'large apple less sugars',1,130,0,0,1,34,5,0,2),(41,'carmel apple',NULL,2,'apple',1,250,7,0,2,45,2,38,5),(42,'Apple Sweetango Corrected',NULL,4,'Medium Apple',1,80,0,0,0,22,5,16,0),(43,'Gala Apple',NULL,7,'Medium Apple(154g/5.5 oz)',1,80,0,0,0,22,5,16,0),(44,'Apple',NULL,1,'g',158,100,0,0,0.3,24,3.3,18,1.1),(45,'Apple 3 Slices',NULL,4,'Slices',3,26,0.014,0,0.13,7.04,1.2,5.3,8),(46,'Apple=100 Cal.',NULL,1,'Apple',1,100,0,0,0,19,3,14,0),(47,'Apple Juice',NULL,3,'fl oz',10,140,0,0,0,31,0,30,0),(48,'Apple Cinnamon Straws',NULL,2,'straws',38,130,0.5,0,1,15,1,2,0),(49,'Apple Slice',NULL,5,'slices',3,9,0,0,0,0,0,0,0),(50,'Apple',NULL,6,'fruit',1,95,0.1,0,0.5,25,4.4,19,1),(51,'apple danish',NULL,2,'slice',1,200,4,0,2,26,1,13,6),(52,'Baked Apple',NULL,4,'apple',1,325,0,0,0,0,0,0,0),(53,'Apple',NULL,5,'each',1,67.93,0.0392,0,0.3396,180.406,31.352,135.729,0.78381),(54,'apple snack',NULL,3,'gram',28,130,0.5,0,1,15,1,2,0),(55,'Apple',NULL,5,'apple',1,95,0.1,0,0.5,25,4.4,19,1),(56,'Croissants, apple',NULL,3,'oz',1,254,4.994,0,7.4,37.1,2.5,0,3),(57,'Jonogold Apple',NULL,4,'grams',154,130,0,0,1,34,5,25,2),(58,'Apple  Medium',NULL,7,'medium apple',1,80,0,0,0,17,5,17,2),(59,'Strudel, apple',NULL,2,'oz',1,274,2.044,0,3.3,41.1,2.2,25.75,1.5),(60,'Apple',NULL,8,'g',154,80,0,0,0,22,5,16,0),(61,'Apple',NULL,1,'apple',1,80,0,0,0,21,4,15,0),(62,'Apple',NULL,7,'medium (3\' dia)',1,95,0.1,0,0.5,25,4.4,19,1),(63,'Apple',NULL,2,'apple',1,80,0,0,0,22,5,17,2),(64,'Apple',NULL,1,'cup',1,65,0,0,0.3,17,3,13,1),(65,'Apple',NULL,3,'cup',1,80,0,0,0,22,5,17,2),(66,'Apple Fritter',NULL,3,'fritter',1,190,3.5,0,1,10,0,2,0),(67,'Apple',NULL,1,'I',1,80,0,0,0,22,5,16,0),(68,'Apple',NULL,6,'apple',1,80,0,0,0,22,5,16,0),(69,'Apple',NULL,2,'g',154,80,0,0,0,22,5,16,2),(70,'Apple',NULL,2,'apple',1,80,0,0,0,21,4,16,0),(71,'Apple (whole)',NULL,6,'g',30,133,0,0,8,2.5,0,0,0),(72,'Apple',NULL,2,'g',182,95,0.1,0,0.5,25,4.4,19,1),(73,'Green (Medium Apple)',NULL,6,'Apple',1,80,0,0,0,22,5,17,2),(74,'apple',NULL,6,'oz',5,540,13,0,6,68,0,0,0),(75,'Apple Souce',NULL,6,'cup',1,185,0,0,0,42,0,0,0),(76,'Michigan',NULL,4,'g',242,130,0,0,1,34,5,25,2),(77,'Water Apple',NULL,5,'whole',1,12,0,0,0,3,0,0,0);
/*!40000 ALTER TABLE `tblFood` ENABLE KEYS */;
UNLOCK TABLES;

--
-- Table structure for table `tblHistory`
--

DROP TABLE IF EXISTS `tblHistory`;
/*!40101 SET @saved_cs_client     = @@character_set_client */;
/*!50503 SET character_set_client = utf8mb4 */;
CREATE TABLE `tblHistory` (
  `historyID` int NOT NULL AUTO_INCREMENT,
  `actionDate` datetime DEFAULT NULL,
  `value` varchar(45) DEFAULT NULL,
  `commentary` varchar(45) DEFAULT NULL,
  `tblDevice_deviceID` int NOT NULL,
  `tblAction_actionID` int NOT NULL,
  PRIMARY KEY (`historyID`),
  KEY `fk_tblHistory_tblDevice1_idx` (`tblDevice_deviceID`),
  KEY `fk_tblHistory_tblAction1_idx` (`tblAction_actionID`),
  CONSTRAINT `fk_tblHistory_tblAction1` FOREIGN KEY (`tblAction_actionID`) REFERENCES `tblAction` (`actionID`),
  CONSTRAINT `fk_tblHistory_tblDevice1` FOREIGN KEY (`tblDevice_deviceID`) REFERENCES `tblDevice` (`deviceID`)
) ENGINE=InnoDB AUTO_INCREMENT=51 DEFAULT CHARSET=utf8mb3;
/*!40101 SET character_set_client = @saved_cs_client */;

--
-- Dumping data for table `tblHistory`
--

LOCK TABLES `tblHistory` WRITE;
/*!40000 ALTER TABLE `tblHistory` DISABLE KEYS */;
INSERT INTO `tblHistory` VALUES (1,'2022-01-01 12:03:54','6',NULL,4,4),(2,'2022-01-02 12:03:54','7',NULL,1,6),(3,'2022-01-03 12:03:54','0',NULL,2,6),(4,'2022-01-04 12:03:54','1',NULL,2,1),(5,'2022-01-05 12:03:54','5',NULL,4,6),(6,'2022-01-06 12:03:54','5',NULL,3,5),(7,'2022-01-07 12:03:54','2',NULL,4,7),(8,'2022-01-08 12:03:54','8',NULL,4,3),(9,'2022-01-09 12:03:54','0',NULL,4,7),(10,'2022-01-10 12:03:54','8',NULL,1,1),(11,'2022-01-11 12:03:54','3',NULL,1,2),(12,'2022-01-12 12:03:54','2',NULL,3,3),(13,'2022-01-13 12:03:54','9',NULL,1,2),(14,'2022-01-14 12:03:54','0',NULL,5,7),(15,'2022-01-15 12:03:54','1',NULL,4,1),(16,'2022-01-16 12:03:54','5',NULL,5,3),(17,'2022-01-17 12:03:54','9',NULL,4,2),(18,'2022-01-18 12:03:54','3',NULL,2,6),(19,'2022-01-19 12:03:54','7',NULL,2,2),(20,'2022-01-20 12:03:54','2',NULL,3,1),(21,'2022-01-21 12:03:54','4',NULL,1,1),(22,'2022-01-22 12:03:54','6',NULL,2,1),(23,'2022-01-23 12:03:54','8',NULL,1,4),(24,'2022-01-24 12:03:54','0',NULL,5,1),(25,'2022-01-25 12:03:54','3',NULL,2,6),(26,'2022-01-26 12:03:54','10',NULL,2,1),(27,'2022-01-27 12:03:54','3',NULL,2,3),(28,'2022-01-28 12:03:54','0',NULL,5,4),(29,'2022-01-29 12:03:54','4',NULL,5,6),(30,'2022-01-30 12:03:54','3',NULL,2,7),(31,'2022-01-31 12:03:54','0',NULL,3,7),(32,'2022-02-01 12:03:54','3',NULL,5,7),(33,'2022-02-02 12:03:54','5',NULL,4,4),(34,'2022-02-03 12:03:54','4',NULL,4,3),(35,'2022-02-04 12:03:54','6',NULL,4,4),(36,'2022-02-05 12:03:54','10',NULL,1,2),(37,'2022-02-06 12:03:54','10',NULL,5,1),(38,'2022-02-07 12:03:54','9',NULL,5,2),(39,'2022-02-08 12:03:54','10',NULL,5,7),(40,'2022-02-09 12:03:54','2',NULL,2,6),(41,'2022-02-10 12:03:54','9',NULL,4,7),(42,'2022-02-11 12:03:54','10',NULL,2,3),(43,'2022-02-12 12:03:54','5',NULL,3,5),(44,'2022-02-13 12:03:54','3',NULL,3,7),(45,'2022-02-14 12:03:54','0',NULL,2,5),(46,'2022-02-15 12:03:54','7',NULL,5,5),(47,'2022-02-16 12:03:54','0',NULL,4,3),(48,'2022-02-17 12:03:54','9',NULL,4,2),(49,'2022-02-18 12:03:54','0',NULL,4,4),(50,'2022-02-19 12:03:54','9',NULL,2,1);
/*!40000 ALTER TABLE `tblHistory` ENABLE KEYS */;
UNLOCK TABLES;

--
-- Table structure for table `tblMeal`
--

DROP TABLE IF EXISTS `tblMeal`;
/*!40101 SET @saved_cs_client     = @@character_set_client */;
/*!50503 SET character_set_client = utf8mb4 */;
CREATE TABLE `tblMeal` (
  `mealID` int NOT NULL AUTO_INCREMENT,
  `day` date DEFAULT NULL,
  `tblUser_userID` int NOT NULL,
  PRIMARY KEY (`mealID`),
  KEY `fk_tblMeal_tblUser_idx` (`tblUser_userID`),
  CONSTRAINT `fk_tblMeal_tblUser` FOREIGN KEY (`tblUser_userID`) REFERENCES `tblUser` (`userID`)
) ENGINE=InnoDB AUTO_INCREMENT=90 DEFAULT CHARSET=utf8mb3;
/*!40101 SET character_set_client = @saved_cs_client */;

--
-- Dumping data for table `tblMeal`
--

LOCK TABLES `tblMeal` WRITE;
/*!40000 ALTER TABLE `tblMeal` DISABLE KEYS */;
INSERT INTO `tblMeal` VALUES (1,'2022-04-01',12),(2,'2022-04-02',1),(3,'2022-04-03',4),(4,'2022-04-04',12),(5,'2022-04-05',17),(6,'2022-04-06',3),(7,'2022-04-07',1),(8,'2022-04-08',15),(9,'2022-04-09',3),(10,'2022-04-10',5),(11,'2022-04-11',7),(12,'2022-04-12',19),(13,'2022-04-13',4),(14,'2022-04-14',15),(15,'2022-04-15',1),(16,'2022-04-16',17),(17,'2022-04-17',14),(18,'2022-04-18',15),(19,'2022-04-19',4),(20,'2022-04-20',4),(21,'2022-04-21',18),(22,'2022-04-22',15),(23,'2022-04-23',8),(24,'2022-04-24',11),(25,'2022-04-25',13),(26,'2022-04-26',2),(27,'2022-04-27',18),(28,'2022-04-28',17),(29,'2022-04-29',4),(30,'2022-04-30',11),(31,'2022-05-01',7),(32,'2022-05-02',10),(33,'2022-05-03',1),(34,'2022-05-04',12),(35,'2022-05-05',18),(36,'2022-05-06',18),(37,'2022-05-07',20),(38,'2022-05-08',9),(39,'2022-05-09',17),(40,'2022-05-10',17),(41,'2022-05-11',6),(42,'2022-05-12',9),(43,'2022-05-13',8),(44,'2022-05-14',12),(45,'2022-05-15',8),(46,'2022-05-16',13),(47,'2022-05-17',18),(48,'2022-05-18',13),(49,'2022-05-19',8),(50,'2022-05-20',13),(51,'2022-05-21',16),(52,'2022-05-22',11),(53,'2022-05-23',6),(54,'2022-05-24',12),(55,'2022-05-25',7),(56,'2022-05-26',12),(57,'2022-05-27',1),(58,'2022-05-28',4),(59,'2022-05-29',11),(60,'2022-05-30',14),(61,'2022-05-31',2),(62,'2022-06-01',3),(63,'2022-06-02',20),(64,'2022-06-03',16),(65,'2022-06-04',1),(66,'2022-06-05',12),(67,'2022-06-06',1),(68,'2022-06-07',9),(69,'2022-06-08',20),(70,'2022-06-09',20),(71,'2022-06-10',19),(72,'2022-06-11',18),(73,'2022-06-12',12),(74,'2022-06-13',19),(75,'2022-06-14',18),(76,'2022-06-15',13),(77,'2022-06-16',13),(78,'2022-06-17',3),(79,'2022-06-18',18),(80,'2022-06-19',8),(81,'2022-06-20',13),(82,'2022-06-21',17),(83,'2022-06-22',13),(84,'2022-06-23',6),(85,'2022-06-24',5),(86,'2022-06-25',16),(87,'2022-06-26',20),(88,'2022-06-27',13),(89,'2022-06-28',11);
/*!40000 ALTER TABLE `tblMeal` ENABLE KEYS */;
UNLOCK TABLES;

--
-- Table structure for table `tblMeal_has_tblFood`
--

DROP TABLE IF EXISTS `tblMeal_has_tblFood`;
/*!40101 SET @saved_cs_client     = @@character_set_client */;
/*!50503 SET character_set_client = utf8mb4 */;
CREATE TABLE `tblMeal_has_tblFood` (
  `tblMeal_mealID` int NOT NULL AUTO_INCREMENT,
  `tblFood_foodID` int NOT NULL,
  `weight` varchar(45) DEFAULT NULL,
  `hour` varchar(45) DEFAULT NULL,
  `id` varchar(45) NOT NULL,
  PRIMARY KEY (`tblMeal_mealID`,`tblFood_foodID`,`id`),
  KEY `fk_tblMeal_has_tblFood_tblFood1_idx` (`tblFood_foodID`),
  KEY `fk_tblMeal_has_tblFood_tblMeal1_idx` (`tblMeal_mealID`),
  CONSTRAINT `fk_tblMeal_has_tblFood_tblFood1` FOREIGN KEY (`tblFood_foodID`) REFERENCES `tblFood` (`foodID`),
  CONSTRAINT `fk_tblMeal_has_tblFood_tblMeal1` FOREIGN KEY (`tblMeal_mealID`) REFERENCES `tblMeal` (`mealID`)
) ENGINE=InnoDB AUTO_INCREMENT=90 DEFAULT CHARSET=utf8mb3;
/*!40101 SET character_set_client = @saved_cs_client */;

--
-- Dumping data for table `tblMeal_has_tblFood`
--

LOCK TABLES `tblMeal_has_tblFood` WRITE;
/*!40000 ALTER TABLE `tblMeal_has_tblFood` DISABLE KEYS */;
INSERT INTO `tblMeal_has_tblFood` VALUES (1,60,'144','21:23:13','322'),(1,73,'212','04:23:13','305'),(2,1,'185','03:23:13','64'),(2,27,'69','18:23:13','31'),(2,31,'136','13:23:13','314'),(2,32,'72','10:23:13','191'),(2,51,'209','17:23:13','30'),(3,1,'95','14:23:13','99'),(3,20,'233','11:23:13','216'),(3,44,'146','16:23:13','77'),(3,49,'183','13:23:13','194'),(3,63,'223','12:23:13','217'),(4,32,'178','08:23:13','69'),(4,43,'54','18:23:13','199'),(4,52,'185','19:23:13','200'),(4,52,'43','08:23:13','93'),(5,22,'97','12:23:13','121'),(5,60,'148','11:23:13','144'),(6,24,'161','07:23:13','20'),(6,34,'158','00:23:13','109'),(7,19,'188','20:23:13','321'),(7,36,'140','23:23:13','60'),(7,38,'116','16:23:13','173'),(7,41,'49','21:23:13','250'),(7,49,'142','01:23:13','86'),(7,52,'120','12:23:13','1'),(7,62,'107','18:23:13','7'),(7,69,'234','07:23:13','236'),(8,25,'116','05:23:13','138'),(8,37,'101','21:23:13','58'),(8,75,'57','06:23:13','187'),(9,36,'40','03:23:13','136'),(9,38,'63','05:23:13','114'),(9,38,'100','08:23:13','189'),(9,64,'222','19:23:13','104'),(9,73,'89','23:23:13','324'),(10,5,'185','23:23:13','132'),(11,48,'52','19:23:13','80'),(11,53,'59','07:23:13','284'),(11,64,'93','18:23:13','151'),(11,75,'222','03:23:13','256'),(12,11,'95','05:23:13','42'),(12,55,'210','02:23:13','279'),(13,15,'69','15:23:13','220'),(13,42,'46','18:23:13','295'),(13,54,'89','20:23:13','225'),(13,63,'195','23:23:13','84'),(13,64,'40','06:23:13','331'),(13,72,'141','02:23:13','327'),(14,6,'200','19:23:13','128'),(14,43,'46','06:23:13','235'),(14,47,'167','14:23:13','195'),(14,69,'86','07:23:13','92'),(15,42,'210','23:23:13','228'),(15,44,'112','06:23:13','139'),(15,49,'176','21:23:13','106'),(16,5,'102','18:23:13','175'),(16,14,'210','20:23:13','297'),(16,33,'94','23:23:13','252'),(16,51,'119','05:23:13','162'),(16,60,'190','12:23:13','289'),(16,68,'160','01:23:13','182'),(17,18,'86','01:23:13','302'),(17,22,'118','08:23:13','21'),(18,26,'203','05:23:13','66'),(18,35,'122','04:23:13','65'),(18,72,'238','01:23:13','326'),(19,20,'149','11:23:13','288'),(19,49,'73','20:23:13','57'),(19,68,'233','15:23:13','148'),(20,38,'58','18:23:13','127'),(20,38,'218','16:23:13','245'),(20,69,'240','07:23:13','212'),(21,10,'71','23:23:13','204'),(21,11,'136','14:23:13','75'),(21,69,'66','17:23:13','78'),(22,21,'104','13:23:13','74'),(22,41,'151','04:23:13','233'),(22,43,'76','04:23:13','17'),(22,46,'239','19:23:13','248'),(23,8,'203','16:23:13','101'),(23,18,'62','03:23:13','88'),(23,40,'206','02:23:13','39'),(24,37,'96','02:23:13','111'),(24,42,'157','03:23:13','304'),(24,43,'111','03:23:13','328'),(24,57,'148','13:23:13','218'),(24,57,'172','18:23:13','223'),(25,7,'44','19:23:13','272'),(25,20,'92','01:23:13','158'),(25,25,'141','16:23:13','149'),(25,49,'227','17:23:13','174'),(25,61,'143','15:23:13','172'),(26,23,'174','22:23:13','35'),(26,58,'210','08:23:13','237'),(26,63,'52','04:23:13','257'),(27,10,'80','15:23:13','28'),(27,17,'243','20:23:13','81'),(27,24,'93','07:23:13','188'),(27,60,'92','20:23:13','201'),(28,1,'46','06:23:13','259'),(28,4,'131','22:23:13','131'),(28,4,'182','17:23:13','318'),(28,34,'67','06:23:13','355'),(28,64,'229','12:23:13','313'),(29,11,'229','08:23:13','141'),(29,34,'86','00:23:13','205'),(29,35,'78','21:23:13','202'),(29,39,'137','23:23:13','156'),(30,23,'40','14:23:13','123'),(30,37,'44','13:23:13','26'),(30,38,'46','20:23:13','345'),(30,39,'43','14:23:13','51'),(30,59,'233','22:23:13','323'),(31,1,'152','10:23:13','95'),(31,4,'204','07:23:13','164'),(31,33,'81','07:23:13','140'),(31,45,'73','21:23:13','226'),(31,48,'172','12:23:13','97'),(32,18,'212','09:23:13','358'),(32,28,'75','16:23:13','269'),(32,67,'192','16:23:13','341'),(32,77,'132','21:23:13','298'),(33,2,'124','02:23:13','63'),(33,17,'145','11:23:13','192'),(33,29,'190','08:23:13','165'),(33,68,'83','17:23:13','342'),(34,2,'105','14:23:13','267'),(34,49,'121','15:23:13','52'),(34,60,'129','02:23:13','303'),(34,77,'244','09:23:13','70'),(35,23,'103','11:23:13','72'),(35,42,'60','12:23:13','49'),(35,43,'212','03:23:13','208'),(35,47,'233','02:23:13','135'),(35,57,'73','23:23:13','12'),(36,7,'213','07:23:13','356'),(36,7,'236','01:23:13','62'),(36,25,'249','07:23:13','260'),(36,45,'108','23:23:13','108'),(36,50,'86','06:23:13','43'),(36,52,'191','14:23:13','219'),(37,15,'108','22:23:13','179'),(37,21,'204','08:23:13','285'),(37,28,'152','00:23:13','157'),(37,33,'226','04:23:13','209'),(37,34,'50','05:23:13','234'),(37,63,'177','20:23:13','33'),(38,4,'152','09:23:13','46'),(38,42,'158','08:23:13','357'),(38,60,'133','23:23:13','276'),(38,66,'138','10:23:13','239'),(39,37,'171','14:23:13','243'),(39,61,'248','03:23:13','184'),(40,12,'99','05:23:13','186'),(40,14,'146','09:23:13','334'),(40,39,'217','06:23:13','163'),(40,45,'219','02:23:13','159'),(40,67,'63','10:23:13','143'),(40,77,'228','20:23:13','273'),(41,26,'131','01:23:13','350'),(41,51,'75','10:23:13','287'),(41,68,'65','10:23:13','167'),(42,1,'192','11:23:13','48'),(42,13,'112','08:23:13','117'),(42,19,'176','15:23:13','292'),(42,67,'125','16:23:13','197'),(43,16,'112','07:23:13','44'),(43,27,'95','14:23:13','147'),(43,31,'159','12:23:13','25'),(43,70,'232','23:23:13','300'),(44,12,'248','09:23:13','142'),(44,19,'184','01:23:13','254'),(44,31,'79','06:23:13','67'),(44,49,'197','00:23:13','85'),(44,73,'175','18:23:13','343'),(45,28,'239','19:23:13','176'),(45,38,'91','02:23:13','183'),(45,54,'170','13:23:13','242'),(45,69,'126','23:23:13','348'),(46,38,'115','21:23:13','34'),(46,48,'105','10:23:13','311'),(46,55,'109','22:23:13','59'),(47,27,'226','01:23:13','278'),(47,33,'135','01:23:13','134'),(48,48,'144','16:23:13','53'),(48,69,'190','01:23:13','14'),(49,16,'212','20:23:13','153'),(49,31,'148','00:23:13','277'),(49,52,'159','19:23:13','296'),(49,54,'109','08:23:13','261'),(49,59,'132','07:23:13','116'),(49,68,'195','03:23:13','16'),(49,71,'248','12:23:13','361'),(49,76,'125','14:23:13','3'),(50,8,'250','00:23:13','37'),(50,28,'100','03:23:13','352'),(50,34,'214','22:23:13','275'),(50,48,'181','03:23:13','160'),(50,72,'54','11:23:13','264'),(51,5,'47','04:23:13','137'),(51,27,'217','18:23:13','319'),(51,27,'236','11:23:13','336'),(52,13,'184','00:23:13','325'),(52,32,'157','09:23:13','22'),(52,32,'145','05:23:13','354'),(52,52,'150','05:23:13','330'),(52,55,'125','00:23:13','13'),(52,62,'110','00:23:13','133'),(53,47,'140','10:23:13','119'),(53,58,'162','17:23:13','270'),(53,69,'176','05:23:13','210'),(54,51,'62','09:23:13','310'),(54,52,'121','23:23:13','36'),(54,55,'220','01:23:13','38'),(54,67,'197','10:23:13','23'),(55,3,'85','06:23:13','115'),(55,13,'214','14:23:13','171'),(55,19,'218','13:23:13','50'),(55,23,'122','06:23:13','91'),(55,24,'52','22:23:13','227'),(55,59,'125','09:23:13','166'),(55,71,'48','02:23:13','231'),(55,72,'218','19:23:13','32'),(56,28,'151','20:23:13','105'),(56,36,'211','10:23:13','47'),(56,54,'131','05:23:13','306'),(56,55,'78','03:23:13','280'),(57,17,'98','15:23:13','100'),(57,49,'106','12:23:13','265'),(57,69,'161','19:23:13','56'),(57,71,'78','12:23:13','241'),(58,11,'141','15:23:13','4'),(58,13,'189','11:23:13','120'),(58,14,'248','19:23:13','152'),(58,27,'216','01:23:13','110'),(58,27,'138','21:23:13','154'),(58,38,'107','22:23:13','83'),(58,41,'100','13:23:13','290'),(58,57,'221','15:23:13','268'),(58,73,'202','22:23:13','299'),(59,21,'235','13:23:13','170'),(59,27,'203','00:23:13','181'),(59,42,'166','12:23:13','337'),(59,61,'230','15:23:13','124'),(59,61,'98','08:23:13','333'),(60,1,'160','02:23:13','207'),(60,52,'42','04:23:13','89'),(60,70,'208','01:23:13','230'),(61,21,'133','02:23:13','255'),(61,32,'207','15:23:13','76'),(61,35,'211','22:23:13','107'),(61,37,'197','22:23:13','11'),(61,64,'41','03:23:13','112'),(61,64,'41','19:23:13','320'),(61,77,'136','13:23:13','266'),(62,5,'129','08:23:13','45'),(62,37,'238','10:23:13','359'),(62,42,'244','06:23:13','283'),(62,51,'174','15:23:13','340'),(63,8,'98','22:23:13','155'),(63,27,'46','13:23:13','98'),(63,31,'116','22:23:13','347'),(63,45,'156','11:23:13','240'),(63,52,'170','15:23:13','244'),(63,65,'186','21:23:13','274'),(63,66,'45','23:23:13','180'),(63,75,'87','14:23:13','339'),(64,20,'169','19:23:13','344'),(64,72,'212','05:23:13','18'),(64,75,'139','16:23:13','125'),(65,14,'137','20:23:13','249'),(65,52,'248','15:23:13','316'),(66,13,'199','11:23:13','168'),(66,20,'86','20:23:13','129'),(66,40,'152','17:23:13','102'),(66,68,'153','19:23:13','224'),(67,10,'222','21:23:13','82'),(67,33,'112','00:23:13','301'),(67,61,'213','09:23:13','94'),(67,65,'238','17:23:13','126'),(68,45,'149','17:23:13','6'),(68,49,'86','16:23:13','5'),(68,56,'102','04:23:13','113'),(69,2,'214','09:23:13','214'),(69,25,'232','18:23:13','247'),(69,60,'149','13:23:13','2'),(69,73,'115','09:23:13','262'),(70,4,'195','00:23:13','253'),(70,31,'226','18:23:13','103'),(70,47,'199','07:23:13','68'),(70,60,'98','10:23:13','263'),(70,67,'107','02:23:13','87'),(71,42,'75','20:23:13','177'),(71,48,'55','10:23:13','335'),(71,72,'42','21:23:13','346'),(71,77,'146','22:23:13','251'),(72,37,'190','21:23:13','178'),(73,19,'166','04:23:13','353'),(73,67,'241','07:23:13','332'),(73,76,'80','01:23:13','206'),(74,25,'249','00:23:13','229'),(74,25,'62','06:23:13','307'),(74,47,'123','08:23:13','309'),(74,60,'87','16:23:13','317'),(74,60,'152','02:23:13','351'),(74,74,'71','12:23:13','73'),(75,61,'182','17:23:13','246'),(75,66,'183','05:23:13','90'),(76,47,'87','00:23:13','349'),(76,51,'58','12:23:13','145'),(76,60,'53','10:23:13','215'),(76,76,'181','17:23:13','150'),(77,16,'54','04:23:13','281'),(77,30,'193','16:23:13','221'),(77,36,'207','03:23:13','40'),(78,5,'147','17:23:13','222'),(78,10,'220','04:23:13','41'),(78,14,'143','00:23:13','61'),(78,20,'70','14:23:13','315'),(78,55,'49','09:23:13','190'),(78,59,'109','09:23:13','118'),(78,64,'42','14:23:13','27'),(79,21,'202','18:23:13','55'),(79,30,'223','04:23:13','329'),(79,36,'179','13:23:13','338'),(79,65,'227','17:23:13','198'),(80,20,'146','08:23:13','213'),(80,21,'126','02:23:13','15'),(80,47,'41','19:23:13','8'),(80,69,'171','06:23:13','19'),(80,73,'135','13:23:13','146'),(81,51,'192','12:23:13','169'),(81,51,'228','11:23:13','312'),(81,68,'148','21:23:13','130'),(82,72,'177','18:23:13','79'),(83,16,'206','06:23:13','211'),(83,28,'51','05:23:13','258'),(83,43,'202','11:23:13','96'),(84,1,'239','04:23:13','161'),(84,11,'246','11:23:13','24'),(84,11,'177','09:23:13','286'),(84,13,'54','14:23:13','291'),(84,48,'160','03:23:13','232'),(84,49,'249','11:23:13','360'),(85,34,'115','05:23:13','282'),(85,40,'196','21:23:13','10'),(85,59,'134','22:23:13','203'),(85,65,'164','20:23:13','9'),(86,49,'58','17:23:13','54'),(87,15,'42','13:23:13','122'),(87,33,'212','17:23:13','294'),(87,47,'157','16:23:13','293'),(87,49,'88','15:23:13','196'),(87,60,'243','18:23:13','271'),(88,4,'101','07:23:13','308'),(88,9,'204','04:23:13','185'),(88,13,'180','09:23:13','238'),(89,33,'95','12:23:13','193'),(89,58,'220','16:23:13','29'),(89,72,'158','10:23:13','71');
/*!40000 ALTER TABLE `tblMeal_has_tblFood` ENABLE KEYS */;
UNLOCK TABLES;

--
-- Table structure for table `tblUser`
--

DROP TABLE IF EXISTS `tblUser`;
/*!40101 SET @saved_cs_client     = @@character_set_client */;
/*!50503 SET character_set_client = utf8mb4 */;
CREATE TABLE `tblUser` (
  `userID` int NOT NULL AUTO_INCREMENT,
  `firstName` varchar(45) DEFAULT NULL,
  `lastName` varchar(45) DEFAULT NULL,
  `eMail` varchar(60) DEFAULT NULL,
  `password` varchar(45) DEFAULT NULL,
  `fingerScan` varchar(255) DEFAULT NULL,
  PRIMARY KEY (`userID`)
) ENGINE=InnoDB AUTO_INCREMENT=21 DEFAULT CHARSET=utf8mb3;
/*!40101 SET character_set_client = @saved_cs_client */;

--
-- Dumping data for table `tblUser`
--

LOCK TABLES `tblUser` WRITE;
/*!40000 ALTER TABLE `tblUser` DISABLE KEYS */;
INSERT INTO `tblUser` VALUES (1,'Aristotle','Reynolds','phasellus@hotmail.couk','589376 47 7353 4258 732',NULL),(2,'Shad','Erickson','sit.amet@yahoo.couk','305785665469947',NULL),(3,'Keegan','Hill','sed.dictum.eleifend@outlook.org','4485361771572',NULL),(4,'Ciaran','Mcdaniel','fermentum.arcu.vestibulum@aol.ca','6767 1194 9142 3878',NULL),(5,'Ezekiel','Gutierrez','aptent.taciti@hotmail.org','633444 553754 8897',NULL),(6,'Linus','Lara','sapien.nunc@yahoo.org','4485288996815',NULL),(7,'Kitra','Mcgowan','dictum@yahoo.edu','3663 712552 33583',NULL),(8,'Devin','Spencer','in.dolor@outlook.org','4929 5782 1276 9486',NULL),(9,'Roanna','Pope','nulla.in@aol.com','6498 4419 4343 3131',NULL),(10,'Olympia','Reynolds','curae.phasellus@outlook.org','3035 834553 24287',NULL),(11,'Lila','Beach','feugiat.nec.diam@protonmail.com','559678 553273 9360',NULL),(12,'Kennedy','Skinner','amet.lorem@outlook.net','5641 615575 9782',NULL),(13,'Paul','Farley','per.inceptos@outlook.couk','4916446613744',NULL),(14,'Brady','Dotson','adipiscing.lobortis@protonmail.couk','362378325181548',NULL),(15,'Gray','Fuentes','iaculis.nec.eleifend@hotmail.net','3057 397155 66749',NULL),(16,'Irene','Buck','est.vitae@yahoo.edu','6304486122275823',NULL),(17,'Brett','Puckett','ipsum.suspendisse@google.org','544924 446752 9379',NULL),(18,'Frances','Stanley','nec.enim@protonmail.net','417500 5483757249',NULL),(19,'Gray','Osborne','nulla.tempor.augue@aol.net','552357 5632414164',NULL),(20,'Ferris','Rivers','aliquet.metus@hotmail.com','2014 972336 82324',NULL);
/*!40000 ALTER TABLE `tblUser` ENABLE KEYS */;
UNLOCK TABLES;
/*!40103 SET TIME_ZONE=@OLD_TIME_ZONE */;

/*!40101 SET SQL_MODE=@OLD_SQL_MODE */;
/*!40014 SET FOREIGN_KEY_CHECKS=@OLD_FOREIGN_KEY_CHECKS */;
/*!40014 SET UNIQUE_CHECKS=@OLD_UNIQUE_CHECKS */;
/*!40101 SET CHARACTER_SET_CLIENT=@OLD_CHARACTER_SET_CLIENT */;
/*!40101 SET CHARACTER_SET_RESULTS=@OLD_CHARACTER_SET_RESULTS */;
/*!40101 SET COLLATION_CONNECTION=@OLD_COLLATION_CONNECTION */;
/*!40111 SET SQL_NOTES=@OLD_SQL_NOTES */;

-- Dump completed on 2023-05-21 19:33:39
