Tijdstip,Elec_kWh
0,15.1
1,7.4
2,5.8
3,4.9
4,11.7
5,11
6,3.5
7,10.5
8,6.9
9,10.3
10,12
11,11.9
12,16.7
13,11.1
14,13
15,7.6
16,8.9
17,12.9
18,10.7
19,10.2
20,7.2
21,9.4
22,10.1
23,14.6
24,8.4
25,12.2
26,17.7
27,11.5
28,13.5
29,13
30,17.8
31,16.9
32,12.6
33,14.5
34,9.1
35,17
36,9.9
37,16.9
38,14.1
39,18.7
40,15.6
41,8.5
42,16
43,13.9
44,15.6
45,11.5
46,14.4
47,12
48,13.7
49,15.2
50,19.5
51,14.1
52,17
53,17
54,16.6
55,15.5
56,12.4
57,17.5
58,18.4
59,14.3
60,10.9
61,14.2
62,14.6
63,17
64,9.3
65,15.3
66,11.5
67,16
68,18.8
69,15.5
70,19.3
71,6.9
72,16.1
73,14.9
74,15.1
75,13.2
76,10.9
77,11.1
78,13.6
79,14.8
80,13.1
81,13.6
82,7.7
83,10.9
84,7.3
85,15.7
86,18.3
87,15.5
88,19.7
89,12.3
90,10.5
91,15.3
92,11.7
93,16.7
94,7.7
95,18.1
96,17.4
97,16
98,8.9
99,7.8
100,7.6
101,13.5
102,15.8
103,9.8
104,7.6
105,11.1
106,9
107,13.6
108,8.1
109,16.4
110,18
111,13
112,11
113,15
114,15
115,11
116,16
117,13
118,3
119,11
120,10
121,14
122,13
123,2
124,15
125,12
126,15
127,14
128,13
129,13
130,14
131,12
132,14
133,8
134,11
135,6
136,10
137,7
138,-1
139,-3
140,11
141,3
142,-2
143,-1
144,5
145,9
146,-3
147,-1
148,-2
149,-2
150,-5
151,-5
152,-2
153,-4
154,-7
155,-3
156,1
157,12
158,9
159,-4
160,-5
161,-1
162,3
163,3
164,-7
165,8
166,6
167,1
168,11
169,11
170,3
171,-6
172,-3
173,8
174,-8
175,7
176,4
177,-3
178,10
179,2
180,-4
181,2
182,6
183,10
184,2
185,2
186,7
187,10
188,-8
189,-7
190,8
191,8
192,-7
193,12
194,5
195,-8
196,3
197,3
198,5
199,3
200,-7
201,-5
202,-15
203,-1
204,-17
205,-2
206,1
207,-9
208,-3
209,-6
210,-13
211,-14
212,-12
213,-20
214,-15
215,-11
216,-17
217,3
218,-10
219,-4
220,-10
221,-12
222,11
223,7
224,-5
225,-1
226,2
227,12
228,-4
229,-1
230,-1
231,3
232,3
233,-13
234,2
235,-3
236,-17
237,-1
238,-7
239,-5
240,-1
241,6
242,-6
243,5
244,-7
245,-10
246,3
247,-12
248,-9
249,-10
250,-13
251,-12
252,1
253,-8
254,-3
255,-11
256,-4
257,0
258,2
259,-2
260,-10
261,-15
262,-15
263,-10
264,1
265,7
266,5
267,-5
268,2.4
269,4
270,-8
271,-19
272,-15
273,-15
274,-12
275,-13
276,-4
277,0
278,-9
279,-6
280,7
281,0
282,-7
283,-1
284,-2
285,-4
286,-4
287,1
288,2
289,-6
290,-7
291,-8
292,-16
293,-6
294,-3
295,-5
296,-2
297,-12
298,-12
299,-7
300,0
301,-3
302,-5
303,-13
304,-2
305,2
306,4
307,-4
308,-3
309,-7
310,3
311,2
312,-13
313,1
314,-6
315,-8
316,-4
317,-8
318,-10
319,-11
320,-7
321,-3
322,2
323,2
324,5
325,10
326,2
327,-1
328,4
329,-2
330,2
331,0
332,8
333,-2
334,10
335,8
336,5
337,4
338,7
339,4
340,0
341,-7
342,4
343,7
344,11
345,2
346,10
347,12
348,5
349,6
350,9
351,5
352,5
353,7
354,14
355,16
356,8
357,8
358,12
359,14
360,7
361,7
362,9
363,5
364,6
365,7
366,11
367,11
368,7
369,5
370,4
371,11
372,8
373,12
374,10
375,11
376,12
377,14
378,10
379,13
380,13
381,13
382,10
383,20
384,16
385,13
386,9
387,12
388,16
389,21
390,16
391,15
392,13
393,19
394,10
395,19
396,21
397,16
398,11
399,15
400,14
401,15
402,13
403,19
404,15
405,19
406,14
407,15
408,16
409,16
410,13
411,20
412,14
413,14
414,13
415,16
416,20
417,17
418,17
419,16
420,18
421,15
422,20
423,17
424,24
425,19
426,18
427,19
428,18
429,16
430,17
431,18
432,16
433,21
434,19
435,17
436,18
437,18
438,20
439,14
440,17
441,15
442,16
443,17
444,17
445,17
446,15
447,16
448,18
449,18
450,16
451,10
452,23
453,20
454,20
455,14
456,12
457,16
458,17
459,21
460,17
461,13
462,17
463,12
464,14
465,16
466,13
467,17
468,11
469,11
470,15
471,11
472,11
473,19
474,12
475,12
476,15
477,11
478,16
479,12
480,18
481,18
482,5
483,13
484,13
485,15
486,16
487,20
488,17
489,19
490,15
491,17
492,16
493,18
494,16
495,16
496,6
497,10
498,7
499,10
500,12
501,20
502,18
503,14
504,9
505,7
506,6
507,13
508,13
509,13
510,7
511,7
512,16
513,7
514,6
515,18
516,15
517,6
518,-1
519,-1
520,9
521,8
522,18
523,16
524,-4
525,-7
526,7
527,0
528,11
529,7
530,0
531,7
532,10
533,7
534,11
535,16
536,4
537,-15
538,5
539,4
540,-1
541,-9
542,-2
543,-8
544,-10
545,-13
546,0
547,-7
548,-11
549,16
550,1
551,-14
552,-3
553,-9
554,-4
555,-10
556,-9
557,0
558,-11
559,-6
560,0
561,6
562,-9
563,5
564,5
565,9
566,4
567,0
568,-10
569,14
570,10
571,-1
572,-8
573,13
574,11
575,6
576,-7
577,-4
578,0
579,0
580,18
581,-1
582,11
583,7
584,-14
585,2
586,-14
587,-12
588,-15
589,-10
590,-13
591,-17
592,-14
593,-15
594,-15
595,-2
596,1
597,7
598,-11
599,-9
600,-1
601,-8
602,-7
603,-1
604,-2
605,3
606,5
607,-3
608,5
609,-6
610,-7
611,-1
612,6
613,-5
614,-13
615,-6
616,-4
617,11
618,0
619,-1
620,-10
621,-18
622,-14
623,-18
624,-6
625,-12
626,-5
627,-12
628,-4
629,-22
630,-12
631,-11
632,-16
633,-14
634,-3
635,-16
636,-11
637,-11
638,-14
639,-9
640,-5
641,-4
642,-12
643,-13
644,5
645,-5
646,-16
647,-12
648,-10
649,-14
650,-6
651,2
652,12
653,-6
654,-7
655,-1
656,-4
657,0
658,-11
659,0
660,-4
661,-7
662,-5
663,-2
664,-11
665,-6
666,-10
667,3
668,-10
669,10
670,3
671,-5
672,-9
673,-5
674,-10
675,-1
676,-8
677,3
678,-9
679,0
680,-9
681,-7
682,-1
683,2
684,-3
685,3
686,8
687,7
688,5
689,8
690,2
691,7
692,0
693,7
694,9
695,7
696,5
697,6
698,9
699,3
700,-1
701,3
702,0
703,-3
704,3
705,2
706,-4
707,-1
708,0
709,4
710,8
711,13
712,6
713,2
714,6
715,9
716,10
717,11
718,7
719,16
720,13
721,13
722,15
723,5
724,7
725,11
726,15
727,11
728,8
729,11
730,9
731,10
732,12
733,15
734,12
735,7
736,10
737,13
738,11
739,14
740,12
741,14
742,14
743,15
744,16
745,14
746,8
747,9
748,6
749,16
750,11
751,18
752,10
753,11
754,19
755,14
756,15
757,17
758,15
759,14
760,21
761,18
762,12
763,17
764,13
765,17
766,21
767,17
768,13
769,10
770,13
771,18
772,16
773,12
774,16
775,18
776,11
777,11
778,11
779,10
780,15
781,9
782,17
783,11
784,14
785,13
786,11
787,11
788,20
789,19
790,16
791,19
792,14
793,11
794,16
795,17
796,14
797,10
798,20
799,12
800,18
801,9
802,10
803,17
804,15
805,10
806,14
807,14
808,11
809,14
810,10
811,10
812,17
813,18
814,13
815,16
816,16
817,15
818,14
819,16
820,13
821,15
822,10
823,18
824,16
825,16
826,14
827,15
828,12
829,12
830,20
831,11
832,11
833,8
834,16
835,15
836,15
837,20
838,8
839,12
840,16
841,12
842,14
843,14
844,11
845,8
846,9
847,12
848,10
849,13
850,5
851,11
852,5
853,5
854,6
855,9
856,12
857,9
858,12
859,9
860,11
861,7
862,2
863,3
864,12
865,1
866,0
867,-3
868,2
869,4
870,2
871,1
872,11
873,0
874,8
875,9
876,3
877,-1
878,3
879,4
880,3
881,5
882,2
883,3
884,6
885,-3
886,-4
887,7
888,2
889,-4
890,-6
891,8
892,9
893,-7
894,6
895,1
896,4
897,-2
898,-8
899,3
900,4
901,-4
902,-3
903,-4
904,-12
905,-4
906,-3
907,-10
908,4
909,1
910,-3
911,-13
912,2
913,-6
914,1
915,0
916,5
917,10
918,-10
919,-8
920,-6
921,6
922,-4
923,-12
924,5
925,0
926,10
927,-3
928,6
929,9
930,-3
931,-8
932,-6
933,-12
934,-19
935,-12
936,-19
937,-1
938,-1
939,-1
940,-1
941,-5
942,-7
943,-8
944,7
945,9
946,10
947,0
948,-3
949,-1
950,-10
951,-15
952,-3
953,4
954,4
955,-17
956,-10
957,-13
958,-2
959,0
960,-18
961,-11
962,-14
963,-8
964,-5
965,7
966,-7
967,0
968,-2
969,1
970,-5
971,-14
972,-14
973,-15
974,-2
975,-10
976,1
977,0
978,-1
979,-13
980,-8
981,-13
982,-18
983,-2
984,-3
985,4
986,-3
987,7
988,13
989,8
990,10
991,9
992,3
993,-8
994,-5
995,-16
996,-11
997,-15
998,-3
999,-1
1000,8
1001,-14
1002,-16
1003,-8
1004,1
1005,-5
1006,-1
1007,-1
1008,-3
1009,-12
1010,-12
1011,-7
1012,-9
1013,-5
1014,-9
1015,-10
1016,6
1017,-3
1018,9
1019,-2
1020,1
1021,-6
1022,-11
1023,-9
1024,6
1025,11
1026,-5
1027,8
1028,-2
1029,-11
1030,5
1031,3
1032,5
1033,-8
1034,1
1035,12
1036,12
1037,-2
1038,7
1039,-1
1040,10
1041,-3
1042,0
1043,1
1044,-7
1045,4
1046,-2
1047,11
1048,-2
1049,-9
1050,2
1051,1
1052,4
1053,-4
1054,-8
1055,2
1056,3
1057,-1
1058,-4
1059,2
1060,1
1061,4
1062,1
1063,2
1064,4
1065,11
1066,-2
1067,11
1068,1
1069,0
1070,11
1071,4
1072,4
1073,12
1074,1
1075,5
1076,13
1077,13
1078,6
1079,13
1080,5
1081,-3
1082,11
1083,8
1084,13
1085,15
1086,10
1087,8
1088,5
1089,5
1090,12
1091,4
1092,12
1093,13
1094,12
1095,15
1096,9
1097,12
1098,7
1099,8
1100,16
1101,12
1102,6
1103,7
1104,7
1105,11
1106,13
1107,15
1108,14
1109,13
1110,11
1111,13
1112,8
1113,10
1114,10
1115,9
1116,15
1117,14
1118,16
1119,13
1120,17
1121,15
1122,12
1123,11
1124,15
1125,7
1126,16
1127,11
1128,16
1129,14
1130,12
1131,15
1132,16
1133,17
1134,16
1135,17
1136,17
1137,14
1138,14
1139,19
1140,18
1141,17
1142,13
1143,17
1144,16
1145,19
1146,13
1147,12
1148,15
1149,18
1150,19
1151,17
1152,13
1153,16
1154,18
1155,17
1156,14
1157,15
1158,16
1159,18
1160,11
1161,19
1162,20
1163,12
1164,15
1165,14
1166,7
1167,8
1168,15
1169,17
1170,15
1171,18
1172,18
1173,17
1174,14
1175,17
1176,18
1177,16
1178,17
1179,11
1180,14
1181,14
1182,10
1183,15
1184,17
1185,16
1186,19
1187,12
1188,15
1189,15
1190,16
1191,13
1192,17
1193,15
1194,14
1195,18
1196,14
1197,16
1198,13
1199,14
1200,9
1201,16
1202,7
1203,10
1204,21
1205,15
1206,17
1207,8
1208,12
1209,9
1210,12
1211,14
1212,12
1213,16
1214,18
1215,18
1216,10
1217,11
1218,11
1219,13
1220,14
1221,4
1222,4
1223,12
1224,5
1225,21
1226,7
1227,6
1228,10
1229,6
1230,-1
1231,6
1232,6
1233,-2
1234,0
1235,-2
1236,12
1237,18
1238,-1
1239,0
1240,11
1241,13
1242,34
1243,13
1244,4
1245,2
1246,6
1247,18
1248,13
1249,0
1250,7
1251,18
1252,0
1253,0
1254,3
1255,0
1256,7
1257,9
1258,-10
1259,12
1260,-8
1261,0
1262,-4
1263,-4
1264,4
1265,-5
1266,-8
1267,-13
1268,-8
1269,3
1270,-9
1271,-10
1272,-10
1273,-10
1274,-10
1275,-6
1276,-9
1277,-4
1278,-5
1279,9
1280,-3
1281,-10
1282,5
1283,-5
1284,-8
1285,4
1286,9
1287,-5
1288,-11
1289,-10
1290,-4
1291,-1
1292,-3
1293,-9
1294,-7
1295,-10
1296,-9
1297,-7
1298,-17
1299,3
1300,-6
1301,2
1302,-3
1303,-11
1304,-11
1305,-10
1306,-3
1307,-14
1308,-12
1309,-19
1310,-9
1311,2
1312,-3
1313,0
1314,9
1315,-6
1316,8
1317,-2
1318,-16
1319,-4
1320,-20
1321,-19
1322,-12
1323,-12
1324,-17
1325,-21
1326,-7
1327,-20
1328,-12
1329,-10
1330,-9
1331,-5
1332,-10
1333,5
1334,1
1335,-4
1336,1
1337,2
1338,-9
1339,-8
1340,-20
1341,-8
1342,-12
1343,-14
1344,-16
1345,-16
1346,-12
1347,-10
1348,-13
1349,-3
1350,-15
1351,-2
1352,5
1353,-21
1354,-16
1355,-18
1356,11
1357,2
1358,7
1359,-3
1360,-10
1361,-11
1362,-13
1363,-6
1364,3
1365,-8
1366,1
1367,-5
1368,-3
1369,4
1370,9
1371,0
1372,-3
1373,-10
1374,-2
1375,-2
1376,-12
1377,-12
1378,-5
1379,-6
1380,-10
1381,-10
1382,-5
1383,-13
1384,0
1385,-4
1386,-3
1387,-5
1388,-6
1389,0
1390,6
1391,3
1392,3
1393,4
1394,-2
1395,3
1396,-10
1397,-13
1398,6
1399,-4
1400,6
1401,4
1402,6
1403,-6
1404,-2
1405,-4
1406,6
1407,-2
1408,4
1409,5
1410,9
1411,6
1412,5
1413,3
1414,6
1415,0
1416,-8
1417,-5
1418,9
1419,11
1420,3
1421,6
1422,11
1423,9
1424,5
1425,2
1426,2
1427,9
1428,9
1429,10
1430,7
1431,7
1432,4
1433,2
1434,3
1435,0
1436,3
1437,0
1438,-3
1439,5
1440,4
1441,15
1442,13
1443,13
1444,5
1445,6
1446,15
1447,0
1448,4
1449,8
1450,13
1451,30
1452,12
1453,14
1454,11
1455,22
1456,22
1457,13
1458,10
1459,11
1460,17
1461,10
1462,7
1463,11
1464,15
1465,7
1466,12
1467,6
1468,10
1469,13
1470,11
1471,13
1472,12
1473,14
1474,13
1475,6
1476,14
1477,14
1478,16
1479,12
1480,12
1481,14
1482,15
1483,15
1484,15
1485,15
1486,14
1487,14
1488,13
1489,16
1490,15
1491,17
1492,19
1493,10
1494,20
1495,15
1496,15
1497,15
1498,16
1499,15
1500,17
1501,8
1502,16
1503,17
1504,14
1505,18
1506,16
1507,12
1508,15
1509,16
1510,21
1511,16
1512,12
1513,20
1514,13
1515,14
1516,15
1517,16
1518,20
1519,15
1520,17
1521,15
1522,21
1523,15
1524,15
1525,12
1526,17
1527,14
1528,13
1529,16
1530,15
1531,15
1532,18
1533,17
1534,14
1535,11
1536,20
1537,20
1538,18
1539,16
1540,16
1541,16
1542,19
1543,18
1544,15
1545,15
1546,11
1547,15
1548,16
1549,16
1550,16
1551,19
1552,22
1553,12
1554,12
1555,19
1556,6
1557,17
1558,17
1559,19
1560,16
1561,15
1562,19
1563,9
1564,18
1565,14
1566,10
1567,16
1568,16
1569,15
1570,15
1571,7
1572,17
1573,17
1574,16
1575,11
1576,10
1577,13
1578,13
1579,18
1580,19
1581,18
1582,10
1583,10
1584,19
1585,13
1586,7
1587,4
1588,10
1589,17
1590,10
1591,6
1592,14
1593,13
1594,14
1595,17
1596,5
1597,5
1598,4
1599,9
1600,0
1601,4
1602,-2
1603,9
1604,11
1605,15
1606,13
1607,12
1608,10
1609,0
1610,5
1611,8
1612,7
1613,7
1614,8
1615,4
1616,2
1617,1
1618,3
1619,14
1620,5
1621,9
1622,-1
1623,7
1624,9
1625,10
1626,9
1627,3
1628,1
1629,-4
1630,4
1631,4
1632,4
1633,-2
1634,0
1635,8
1636,-6
1637,9
1638,0
1639,0
1640,-15
1641,0
1642,-1
1643,-2
1644,14
1645,7
1646,5
1647,2
1648,7
1649,3
1650,-10
1651,-4
1652,-11
1653,-8
1654,-13
1655,-8
1656,-5
1657,-12
1658,-4
1659,4
1660,-3
1661,-7
1662,-12
1663,-5
1664,1
1665,0
1666,5
1667,0
1668,-7
1669,-2
1670,-3
1671,8
1672,3
1673,1
1674,-4
1675,-6
1676,-7
1677,-6
1678,7
1679,12
1680,9
1681,9
1682,10
1683,2
1684,0
1685,2
1686,-8
1687,-6
1688,-20
1689,-17
1690,-7
1691,-2
1692,0
1693,7
1694,-6
1695,-1
1696,10
1697,-2
1698,4
1699,-3
1700,8
1701,8
1702,-11
1703,-6
1704,-12
1705,5
1706,-4
1707,6
1708,-8
1709,2
1710,10
1711,1
1712,-10
1713,-9
1714,-10
1715,-4
1716,-14
1717,-6
1718,-2
1719,-7
1720,-2
1721,-5
1722,-11
1723,-11
1724,-2
1725,-17
1726,-8
1727,-2
1728,-3
1729,-11
1730,-5
1731,1
1732,0
1733,-1
1734,-5
1735,-1
1736,-13
1737,3
1738,9
1739,0
1740,0
1741,-12
1742,3
1743,10
1744,0
1745,0
1746,4
1747,-14
1748,-2
1749,-1
1750,-7
1751,-20
1752,10
1753,-8
1754,-8
1755,2
1756,-15
1757,-10
1758,-12
1759,-12
1760,6
1761,-9
1762,1
1763,-7
1764,-11
1765,-10
1766,-9
1767,-4
1768,-2
1769,-6
1770,-2
1771,-8
1772,-8
1773,-7
1774,1
1775,-3
1776,0
1777,2
1778,4
1779,-11
1780,-5
1781,-8
1782,-4
1783,6
1784,-5
1785,-6
1786,-6
1787,0
1788,0
1789,0
1790,1
1791,4
1792,1
1793,0
1794,4
1795,3
1796,-2
1797,7
1798,5
1799,3
1800,1
1801,9
1802,7
1803,5
1804,9
1805,9
1806,9
1807,0
1808,6
1809,13
1810,4
1811,3
1812,11
1813,11
1814,9
1815,4
1816,13
1817,5
1818,4
1819,4
1820,13
1821,10
1822,9
1823,6
1824,6
1825,12
1826,13
1827,15
1828,8
1829,11
1830,13
1831,9
1832,11
1833,6
1834,9
1835,12
1836,10
1837,11
1838,13
1839,16
1840,14
1841,13
1842,14
1843,16
1844,7
1845,16
1846,13
1847,13
1848,16
1849,13
1850,14
1851,14
1852,11
1853,12
1854,15
1855,13
1856,14
1857,11
1858,10
1859,13
1860,15
1861,10
1862,12
1863,11
1864,17
1865,14
1866,13
1867,16
1868,11
1869,15
1870,16
1871,12
1872,14
1873,14
1874,14
1875,19
1876,14
1877,11
1878,11
1879,16
1880,15
1881,21
1882,11
1883,11
1884,16
1885,18
1886,13
1887,15
1888,14
1889,11
1890,14
1891,18
1892,15
1893,14
1894,19
1895,17
1896,6
1897,15
1898,15
1899,14
1900,11
1901,18
1902,17
1903,14
1904,13
1905,15
1906,16
1907,22
1908,11
1909,17
1910,14
1911,14
1912,9
1913,13
1914,10
1915,12
1916,14
1917,13
1918,16
1919,18
1920,9
1921,15
1922,13
1923,11
1924,15
1925,13
1926,13
1927,13
1928,14
1929,15
1930,12
1931,13
1932,13
1933,21
1934,12
1935,16
1936,14
1937,15
1938,9
1939,10
1940,10
1941,8
1942,10
1943,10
1944,15
1945,17
1946,14
1947,15
1948,10
1949,7
1950,12
1951,14
1952,14
1953,11
1954,13
1955,13
1956,11
1957,13
1958,14
1959,12
1960,8
1961,15
1962,8
1963,3
1964,3
1965,3
1966,3
1967,7
1968,-1
1969,-2
1970,6
1971,16
1972,10
1973,13
1974,1
1975,1
1976,1
1977,-2
1978,-3
1979,-2
1980,-5
1981,-1
1982,3
1983,-7
1984,8
1985,0
1986,-2
1987,-4
1988,-1
1989,1
1990,6
1991,7
1992,-6
1993,-11
1994,2
1995,5
1996,2
1997,-9
1998,8
1999,-1
2000,2
2001,-4
2002,-8
2003,-4
2004,-8
2005,10
2006,2
2007,3
2008,0
2009,-9
2010,-2
2011,-5
2012,-2
2013,-1
2014,-6
2015,6
2016,10
2017,-2
2018,1
2019,2
2020,-3
2021,9
2022,-1
2023,-9
2024,-12
2025,-2
2026,-4
2027,0
2028,-3
2029,-5
2030,-7
2031,-12
2032,2
2033,4
2034,-12
2035,-10
2036,-13
2037,-17
2038,-14
2039,-14
2040,-13
2041,-13
2042,-14
2043,-11
2044,-2
2045,-9
2046,-12
2047,-14
2048,-2
2049,-11
2050,-8
2051,-6
2052,-7
2053,-10
2054,-13
2055,-15
2056,-5
2057,5
2058,-14
2059,-15
2060,-15
2061,-10
2062,-16
2063,-16
2064,-16
2065,-15
2066,-18
2067,-15
2068,-15
2069,5
2070,-2
2071,-6
2072,-7
2073,0
2074,-2
2075,0
2076,7
2077,-5
2078,-10
2079,-11
2080,-17
2081,-3
2082,-14
2083,-12
2084,-10
2085,-4
2086,0
2087,-6
2088,-9
2089,-1
2090,0
2091,-8
2092,-8
2093,-8
2094,-5
2095,-3
2096,-11
2097,-2
2098,-4
2099,-6
2100,-6
2101,-3
2102,-8
2103,5
2104,6
2105,-16
2106,-6
2107,-7
2108,4
2109,-8
2110,-3
2111,1
2112,-7
2113,-13
2114,12
2115,-5
2116,9
2117,-2
2118,8
2119,-4
2120,-6
2121,-1
2122,-6
2123,5
2124,3
2125,0
2126,1
2127,3
2128,-5
2129,-2
2130,-7
2131,-2
2132,-4
2133,-4
2134,-7
2135,-7
2136,6
2137,0
2138,3
2139,-4
2140,-3
2141,8
2142,4
2143,9
2144,4
2145,11
2146,1
2147,3
2148,2
2149,-3
2150,-4
2151,13
2152,1
2153,9
2154,4
2155,4
2156,4
2157,-1
2158,-7
2159,3
2160,-3
2161,-2
2162,1
2163,1
2164,8
2165,7
2166,5
2167,9
2168,12
2169,3
2170,1
2171,7
2172,2
2173,5
2174,13
2175,11
2176,9
2177,12
2178,10
2179,3
2180,7
2181,8
2182,5
2183,5
2184,8
2185,6
2186,7
2187,7
2188,9
2189,12
2190,7
2191,15
2192,12
2193,13
2194,5
2195,10
2196,11
2197,11
2198,12
2199,14
2200,10
2201,8
2202,13
2203,14
2204,8
2205,7
2206,15
2207,12
2208,12
2209,16
2210,11
2211,9
2212,5
2213,13
2214,13
2215,11
2216,12
2217,12
2218,12
2219,15
2220,8
2221,12
2222,13
2223,13
2224,9
2225,14
2226,14
2227,15
2228,15
2229,14
2230,12
2231,18
2232,13
2233,14
2234,15
2235,13
2236,16
2237,15
2238,16
2239,15
2240,16
2241,18
2242,15
2243,14
2244,14
2245,11
2246,18
2247,15
2248,12
2249,17
2250,15
2251,15
2252,18
2253,14
2254,14
2255,13
2256,11
2257,17
2258,15
2259,15
2260,13
2261,14
2262,15
2263,18
2264,10
2265,13
2266,12
2267,14
2268,19
2269,16
2270,13
2271,17
2272,15
2273,16
2274,16
2275,12
2276,16
2277,14
2278,15
2279,17
2280,15
2281,14
2282,15
2283,14
2284,19
2285,13
2286,14
2287,15
2288,13
2289,13
2290,15
2291,14
2292,14
2293,18
2294,14
2295,8
2296,11
2297,7
2298,12
2299,11
2300,12
2301,14
2302,11
2303,9
2304,10
2305,14
2306,13
2307,2
2308,10
2309,13
2310,17
2311,5
2312,7
2313,6
2314,5
2315,8
2316,9
2317,8
2318,6
2319,4
2320,16
2321,8
2322,13
2323,6
2324,11
2325,12
2326,10
2327,9
2328,13
2329,7
2330,8
2331,11
2332,6
2333,15
2334,12
2335,17
2336,6
2337,-3
2338,0
2339,6
2340,6
2341,6
2342,6
2343,7
2344,3
2345,14
2346,16
2347,2
2348,9
2349,7
2350,7
2351,4
2352,6
2353,4
2354,5
2355,-3
2356,-7
2357,-8
2358,6
2359,0
2360,8
2361,10
2362,8
2363,1
2364,6
2365,-3
2366,-14
2367,-6
2368,-12
2369,-7
2370,-9
2371,-7
2372,-1
2373,0
2374,-1
2375,-4
2376,6
2377,7
2378,13
2379,5
2380,-7
2381,-6
2382,-11
2383,-13
2384,-12
2385,-12
2386,-8
2387,-15
2388,-14
2389,2
2390,-1
2391,-4
2392,6
2393,-8
2394,-8
2395,-2
2396,-16
2397,-18
2398,4
2399,-10
2400,-7
2401,-2
2402,-6
2403,-2
2404,-6
2405,-10
2406,-7
2407,-12
2408,-3
2409,-11
2410,-9
2411,9
2412,2
2413,-2
2414,-11
2415,-2
2416,-14
2417,1
2418,-4
2419,-7
2420,-12
2421,-3
2422,0
2423,-5
2424,5
2425,-4
2426,-11
2427,5
2428,1
2429,8
2430,-20
2431,-2
2432,6
2433,-8
2434,-11
2435,-11
2436,-17
2437,-16
2438,-14
2439,-19
2440,-18
2441,-24
2442,-19
2443,-8
2444,-15
2445,-19
2446,-9
2447,-13
2448,-16
2449,-3
2450,10
2451,-4
2452,-23
2453,-13
2454,-13
2455,-15
2456,-5
2457,-11
2458,-9
2459,-10
2460,-1
2461,-18
2462,-10
2463,-14
2464,-11
2465,-16
2466,-10
2467,-9
2468,-17
2469,-4
2470,-8
2471,-13
2472,-16
2473,-15
2474,-16
2475,-13
2476,-13
2477,-15
2478,-9
2479,-7
2480,4
2481,-4
2482,-7
2483,-4
2484,-1
2485,4
2486,2
2487,-10
2488,-12
2489,5
2490,-6
2491,3
2492,-4
2493,-13
2494,4
2495,-1
2496,-6
2497,6
2498,7
2499,-2
2500,9
2501,-5
2502,-5
2503,-5
2504,-8
2505,11
2506,3
2507,-1
2508,1
2509,-10
2510,5
2511,-4
2512,2
2513,-8
2514,3
2515,4
2516,7
2517,4
2518,-1
2519,-4
2520,-4
2521,-4
2522,-1
2523,0
2524,10
2525,12
2526,3
2527,-2
2528,-2
2529,-5
2530,5
2531,1
2532,3
2533,7
2534,12
2535,-2
2536,8
2537,-1
2538,3
2539,3
2540,3
2541,2
2542,6
2543,4
2544,6
2545,5
2546,-1
2547,3
2548,6
2549,8
2550,10
2551,10
2552,8
2553,9
2554,9
2555,9
2556,9
2557,12
2558,16
2559,7
2560,10
2561,15
2562,14
2563,11
2564,17
2565,7
2566,9
2567,12
2568,12
2569,10
2570,12
2571,8
2572,13
2573,14
2574,16
2575,15
2576,12
2577,12
2578,10
2579,13
2580,15
2581,11
2582,14
2583,19
2584,14
2585,13
2586,13
2587,12
2588,20
2589,14
2590,18
2591,17
2592,12
2593,17
2594,17
2595,13
2596,10
2597,14
2598,16
2599,14
2600,16
2601,15
2602,18
2603,12
2604,16
2605,7
2606,15
2607,14
2608,15
2609,19
2610,14
2611,14
2612,17
2613,13
2614,17
2615,12
2616,17
2617,16
2618,16
2619,13
2620,14
2621,14
2622,18
2623,16
2624,19
2625,16
2626,16
2627,14
2628,21
2629,17
2630,18
2631,16
2632,15
2633,17
2634,20
2635,19
2636,16
2637,12
2638,17
2639,18
2640,14
2641,18
2642,14
2643,16
2644,11
2645,11
2646,13
2647,18
2648,18
2649,14
2650,19
2651,15
2652,13
2653,13
2654,19
2655,14
2656,18
2657,14
2658,10
2659,18
2660,22
2661,10
2662,12
2663,14
2664,17
2665,8
2666,13
2667,6
2668,14
2669,11
2670,6
2671,6
2672,9
2673,9
2674,8
2675,6
2676,15
2677,8
2678,3
2679,10
2680,4
2681,4
2682,7
2683,16
2684,13
2685,15
2686,15
2687,18
2688,7
2689,9
2690,9
2691,15
2692,15
2693,9
2694,10
2695,9
2696,11
2697,12
2698,12
2699,15
2700,4
2701,4
2702,9
2703,9
2704,-6
2705,-4
2706,15
2707,-11
2708,9
2709,6
2710,6
2711,8
2712,-4
2713,1
2714,1
2715,-3
2716,10
2717,2
2718,7
2719,3
2720,3
2721,1
2722,4
2723,2
2724,0
2725,-11
2726,5
2727,3
2728,7
2729,-7
2730,0
2731,8
2732,-11
2733,-11
2734,-8
2735,-17
2736,0
2737,-5
2738,-6
2739,8
2740,-6
2741,2
2742,13
2743,-1
2744,4
2745,-4
2746,4
2747,5
2748,-4
2749,-8
2750,11
2751,-2
2752,6
2753,4
2754,3
2755,-6
2756,-6
2757,-13
2758,-11
2759,-13
2760,-12
2761,9
2762,-9
2763,-2
2764,15
2765,0
2766,-8
2767,-7
2768,-19
2769,-7
2770,-4
2771,1
2772,2
2773,0
2774,-4
2775,-1
2776,-10
2777,-15
2778,2
2779,-1
2780,10
2781,-1
2782,-2
2783,-8
2784,-3
2785,4
2786,-1
2787,1
2788,-3
2789,-14
2790,-4
2791,-2
2792,-11
2793,-13
2794,-1
2795,-4
2796,-14
2797,-10
2798,-6
2799,-8
2800,-15
2801,-15
2802,-17
2803,-14
2804,-17
2805,-16
2806,-14
2807,-7
2808,-12
2809,-8
2810,-9
2811,-5
2812,-16
2813,2
2814,-1
2815,0
2816,-4
2817,-1
2818,-2
2819,5
2820,8
2821,-6
2822,-8
2823,3
2824,0
2825,-13
2826,-4
2827,-13
2828,-13
2829,-13
2830,-14
2831,-10
2832,10
2833,0
2834,-2
2835,-9
2836,0
2837,1
2838,-7
2839,9
2840,-6
2841,-4
2842,-4
2843,-10
2844,-8
2845,0
2846,-8
2847,2
2848,6
2849,3
2850,1
2851,2
2852,-5
2853,15
2854,0
2855,0
2856,-6
2857,-8
2858,-9
2859,0
2860,-15
2861,-6
2862,-7
2863,-9
2864,1
2865,-6
2866,-10
2867,-1
2868,-5
2869,-6
2870,8
2871,7
2872,7
2873,3
2874,1
2875,1
2876,-1
2877,0
2878,8
2879,-1
2880,4
2881,-4
2882,4
2883,4
2884,4
2885,4
2886,5
2887,-7
2888,2
2889,3
2890,2
2891,12
2892,14
2893,14
2894,8
2895,6
2896,10
2897,9
2898,11
2899,10
2900,10
2901,13
2902,11
2903,15
2904,16
2905,10
2906,6
2907,7
2908,15
2909,12
2910,12
2911,7
2912,13
2913,12
2914,11
2915,11
2916,14
2917,13
2918,14
2919,9
2920,9
2921,11
2922,8
2923,9
2924,11
2925,11
2926,16
2927,9
2928,9
2929,14
2930,12
2931,9
2932,7
2933,11
2934,10
2935,10
2936,7
2937,8
2938,8
2939,17
2940,8
2941,13
2942,12
2943,12
2944,13
2945,13
2946,13
2947,9
